{
  "data":[
  {
    "id": 1,
    "category": "Roofing tiles store",
    "businessname": "Aerocon Panels",
    "rating": 0,
    "opening info": "Monday: 9:30 AM – 6:30 PM; Tuesday: 9:30 AM – 6:30 PM; Wednesday: 9:30 AM – 6:30 PM; Thursday: 9:30 AM – 6:30 PM; Friday: 9:30 AM – 6:30 PM; Saturday: 9:30 AM – 6:30 PM; Sunday: Closed",
    "address": "Near Hanuman Temple patel Nagar, Ratan Nagar, Amberpet, Hyderabad, Telangana 500013, India",
    "country": "India",
    "state": "Telangana",
    "city": "Hyderabad",
    "pincode": 500013,
    "phone": "085550 22424",
    "emailid": "zyx@example.com",
    "website": "http://www.aeroconenterprises.com/",
    "lat": 17.3867427,
    "long": 78.5246254,
    "maplink": "https://maps.google.com/?cid=12991678696267647319"
  },
  {
    "id": 2,
    "category": "Hotels and restaurants",
    "businessname": "Zen Comforts",
    "rating": 0,
    "opening info": "Monday: Open 24 hours; Tuesday: Open 24 hours; Wednesday: Open 24 hours; Thursday: Open 24 hours; Friday: Open 24 hours; Saturday: Open 24 hours; Sunday: Open 24 hours",
    "address": "plot no 32,near Radisson Hotel, Jayabheri Enclave, Gachibowli, opp anjaiaha Nagar, Jayabheri Enclave, Gachibowli, Hydera",
    "country": "India",
    "state": "Telangana",
    "city": "Hyderabad",
    "pincode": 500032,
    "phone": "098492 31919",
    "emailid": "zencomforts@hotmail.com",
    "website": "http://zencomforts.co.in/",
    "lat": 17.449632,
    "long": 78.362687,
    "maplink": "https://maps.google.com/?cid=13669510834274305059"
  },
  {
    "id": 3,
    "category": "Camera Repair & Services",
    "businessname": "Hyderabad CCTV Cameras Services",
    "rating": 0,
    "opening info": "Monday: 9:00 AM – 7:00 PM; Tuesday: 9:00 AM – 7:00 PM; Wednesday: 9:00 AM – 7:00 PM; Thursday: 9:00 AM – 7:00 PM; Friday: 9:00 AM – 7:00 PM; Saturday: Closed; Sunday: Closed",
    "address": "Street Number 2, LIC Colony, Vivekananda Colony, Santosh Nagar, Mehdipatnam, Hyderabad, Telangana 500028, India",
    "country": "India",
    "state": "Telangana",
    "city": "Hyderabad",
    "pincode": 500028,
    "phone": "079972 51604",
    "emailid": "zakirhuss46@gmail.com",
    "website": "https://hyderabad-cctv-cameras-services.ueniweb.com/",
    "lat": 17.3927579,
    "long": 78.4409529,
    "maplink": "https://maps.google.com/?cid=13466523755861690048"
  },
  {
    "id": 4,
    "category": "architect",
    "businessname": "Zahid Architects",
    "rating": 0,
    "opening info": "Monday: 9:30 AM – 6:30 PM; Tuesday: 9:30 AM – 6:30 PM; Wednesday: 9:30 AM – 6:30 PM; Thursday: 9:30 AM – 6:30 PM; Friday: 9:30 AM – 6:30 PM; Saturday: 9:30 AM – 6:30 PM; Sunday: Closed",
    "address": "#10-1-307, Third Floor,, Ashoka Plaza, Masab Tank, Ambedkar Nagar, Masab Tank, Hyderabad, Telangana 500028, India",
    "country": "India",
    "state": "Telangana",
    "city": "Hyderabad",
    "pincode": 500028,
    "phone": "040 2330 2467",
    "emailid": "zahidarchitects@gmail.com",
    "website": "http://zahidarchitects.com/",
    "lat": 17.403906,
    "long": 78.4530811,
    "maplink": "https://maps.google.com/?cid=12295501424316100529"
  },
  {
    "id": 5,
    "category": "liquid food manufacturer",
    "businessname": "Gland Pharma Limited",
    "rating": 0,
    "opening info": "Monday: Open 24 hours; Tuesday: Open 24 hours; Wednesday: Open 24 hours; Thursday: Open 24 hours; Friday: Open 24 hours; Saturday: Open 24 hours; Sunday: Open 24 hours",
    "address": "Gland Pharma, IDA Pashamylaram, Hyderabad, Telangana 502307, India",
    "country": "India",
    "state": "Telangana",
    "city": "Hyderabad",
    "pincode": 502307,
    "phone": "040 6662 1010",
    "emailid": "z@C.W",
    "website": "http://www.glandpharma.com/",
    "lat": 17.5314164,
    "long": 78.1692689,
    "maplink": "https://maps.google.com/?cid=7831697369356900903"
  },
  {
    "id": 6,
    "category": "pharma industaries",
    "businessname": "Gland Pharma Limited",
    "rating": 0,
    "opening info": "Monday: 8:20 AM – 5:50 PM; Tuesday: 8:20 AM – 5:50 PM; Wednesday: 8:20 AM – 5:50 PM; Thursday: 8:20 AM – 5:50 PM; Friday: 8:20 AM – 5:50 PM; Saturday: Closed; Sunday: Closed",
    "address": "Surney No. 143-148/150 And 151, Dp Pally, Near Gandi maisamma Cross Road, Qutbullapur, Gandi Maisamma, Hyderabad, Telang",
    "country": "India",
    "state": "Telangana",
    "city": "Hyderabad",
    "pincode": 500043,
    "phone": "040 3051 0999",
    "emailid": "z@C.W",
    "website": "http://www.glandpharma.com/",
    "lat": 17.5789321,
    "long": 78.4248093,
    "maplink": "https://maps.google.com/?cid=8357184049228155440"
  },
  {
    "id": 7,
    "category": "junior colleges in Defence Colony",
    "businessname": "YUVA DEFENCE ACADEMY",
    "rating": 0,
    "opening info": "Monday: 8:30 AM – 6:30 PM; Tuesday: 8:30 AM – 6:30 PM; Wednesday: 8:30 AM – 6:30 PM; Thursday: 8:30 AM – 6:30 PM; Friday: 8:30 AM – 6:30 PM; Saturday: 8:30 AM – 6:30 PM; Sunday: 8:30 AM – 6:30 PM",
    "address": "5-5-181/1, Vanasthalipuram Rd, Prashanth Nagar, Vanasthalipuram, Hyderabad, Telangana 500070, India",
    "country": "India",
    "state": "Telangana",
    "city": "Hyderabad",
    "pincode": 500070,
    "phone": "078423 63363",
    "emailid": "yuvadefenceacademyhyd@gmail.com",
    "website": "http://www.yuvadefenceacademy.com/",
    "lat": 17.324072,
    "long": 78.566514,
    "maplink": "https://maps.google.com/?cid=8422195707239161605"
  },
  {
    "id": 8,
    "category": "Laptop Distributors",
    "businessname": "Web Technologies",
    "rating": 0,
    "opening info": "Monday: 9:30 AM – 9:00 PM; Tuesday: 9:30 AM – 9:00 PM; Wednesday: 9:30 AM – 9:00 PM; Thursday: 9:30 AM – 9:00 PM; Friday: 9:30 AM – 9:00 PM; Saturday: 9:30 AM – 9:00 PM; Sunday: 9:30 AM – 9:00 PM",
    "address": "16, MeeSeva Rd, Friends Colony, Indira Nagar Colony, Miyapur, Hyderabad, Telangana 500049, India",
    "country": "India",
    "state": "Telangana",
    "city": "Hyderabad",
    "pincode": 500049,
    "phone": "090109 01071",
    "emailid": "Yuktaweb2010@gmail.com",
    "website": "https://webtechnologiesmiyapur.blogspot.in/",
    "lat": 17.4970354,
    "long": 78.3578688,
    "maplink": "https://maps.google.com/?cid=14704127376279190149"
  },
  {
    "id": 9,
    "category": "SAP training institutes",
    "businessname": "ELITE IT SOLUTIONS | SAP FICO, HANA ADMIN, BASIS Training Institute in Ameerpet, Hyderabad",
    "rating": 0,
    "opening info": "",
    "address": "SS CHAMBERS, 2nd FLOOR, SAP St, behind HMDA Maitrivanam, East Srinivas Nagar Colony, Srinivasa Nagar, Ameerpet, Hyderaba",
    "country": "India",
    "state": "Telangana",
    "city": "Hyderabad",
    "pincode": 500016,
    "phone": "099496 92339",
    "emailid": "yugandharyedla@gmail.com",
    "website": "http://eliteitsolutions.in/",
    "lat": 17.4379796,
    "long": 78.4449882,
    "maplink": "https://maps.google.com/?cid=15162415771262071981"
  },
  {
    "id": 10,
    "category": "Yoga Instructors",
    "businessname": "Nirvaana 200 & 300 RYT Yoga Alliance Centre USA",
    "rating": 0,
    "opening info": "Monday: 5:00 – 11:00 AM, 4:00 – 9:00 PM; Tuesday: 5:00 – 11:00 AM, 4:00 – 9:00 PM; Wednesday: 5:00 – 11:00 AM, 4:00 – 9:00 PM; Thursday: 5:00 AM – 11:00 PM; Friday: 5:00 – 11:00 AM, 4:00 – 9:00 PM; Saturday: 8:00 AM – 12:00 PM; Sunday: 8:00 AM – 12:00 PM",
    "address": "Vaishnavi's Pride Plot No 21, Gafoor Nagar, Vittal Rao Nagar, Madhapur, Hyderabad, Telangana 500081, India",
    "country": "India",
    "state": "Telangana",
    "city": "Hyderabad",
    "pincode": 500081,
    "phone": "094926 51000",
    "emailid": "ytchyderabad@gmail.com",
    "website": "http://www.yogatrainingcentrehyderabad.in/",
    "lat": 17.4394298,
    "long": 78.3871027,
    "maplink": "https://maps.google.com/?cid=10057507740197355262"
  },
  {
    "id": 11,
    "category": "Cord Blood Banks",
    "businessname": "Cordlife India",
    "rating": 0,
    "opening info": "Monday: 10:00 AM – 6:00 PM; Tuesday: 10:00 AM – 6:00 PM; Wednesday: 10:00 AM – 6:00 PM; Thursday: 10:00 AM – 6:00 PM; Friday: 10:00 AM – 6:00 PM; Saturday: 10:00 AM – 6:00 PM; Sunday: 10:00 AM – 6:00 PM",
    "address": "Flat no:505,May Fair Gardens, Rd Number 12, beside Ohris, Fortune Enclave, Sri Ram Nagar Colony, Banjara Hills, Hyderaba",
    "country": "India",
    "state": "Telangana",
    "city": "Hyderabad",
    "pincode": 500034,
    "phone": "098301 66200",
    "emailid": "yourname@domain.com",
    "website": "https://www.cordlifeindia.com/",
    "lat": 17.4084445,
    "long": 78.43893,
    "maplink": "https://maps.google.com/?cid=8011510662611789337"
  },
  {
    "id": 12,
    "category": "Cargo handling companies",
    "businessname": "Realm International Cargo Private Limited",
    "rating": 0,
    "opening info": "Monday: 9:00 AM – 6:00 PM; Tuesday: 9:00 AM – 6:00 PM; Wednesday: 9:00 AM – 6:00 PM; Thursday: 9:00 AM – 6:00 PM; Friday: 9:00 AM – 6:00 PM; Saturday: 9:00 AM – 6:00 PM; Sunday: Closed",
    "address": "# 30/1-2 RT, Prakash Nagar, Begumpet, Hyderabad, Telangana 500016, India",
    "country": "India",
    "state": "Telangana",
    "city": "Hyderabad",
    "pincode": 500016,
    "phone": "040 6552 0626",
    "emailid": "yourname@domain.com",
    "website": "http://www.realmintl.com/",
    "lat": 17.4424944,
    "long": 78.4711377,
    "maplink": "https://maps.google.com/?cid=3978957984468702821"
  },
  {
    "id": 13,
    "category": "Industrial spring shop",
    "businessname": "Sherwin Williams Paints India Private Limited",
    "rating": 0,
    "opening info": "",
    "address": "5-5-35/73/B3, Prashantnagar, Kukatpally Industrial Area, Kukatpally, Kukatpally Industrial Area, Kukatpally, Hyderabad,",
    "country": "India",
    "state": "Telangana",
    "city": "Hyderabad",
    "pincode": 500072,
    "phone": "099493 53220",
    "emailid": "yourname@address.com",
    "website": "https://www.sherwin-williams.com/",
    "lat": 17.4947934,
    "long": 78.3996441,
    "maplink": "https://maps.google.com/?cid=12265905060503409758"
  },
  {
    "id": 14,
    "category": "Sofa service",
    "businessname": "rk sofamaker service",
    "rating": 0,
    "opening info": "Monday: 9:00 AM – 9:00 PM; Tuesday: 9:00 AM – 9:00 PM; Wednesday: 9:00 AM – 9:00 PM; Thursday: 9:00 AM – 9:00 PM; Friday: 9:00 AM – 9:00 PM; Saturday: 9:00 AM – 9:00 PM; Sunday: 9:00 AM – 9:00 PM",
    "address": "4-8-978/3, Srinagar Hyderabad Colony Hp Gas Godown Lane Hyderabad-73, Ameerpet, Sanjay Gandhi Nagar, Yella Reddy Guda, H",
    "country": "India",
    "state": "Telangana",
    "city": "Hyderabad",
    "pincode": 500073,
    "phone": "099660 24786",
    "emailid": "yourmail@gmail.com",
    "website": "http://rksofamaker.in.net/",
    "lat": 17.4327345,
    "long": 78.4425108,
    "maplink": "https://maps.google.com/?cid=9376014895758421467"
  },
  {
    "id": 15,
    "category": "IMPORT-EXPORT",
    "businessname": "PRIMECCENTRIC",
    "rating": 0,
    "opening info": "Monday: 9:00 AM – 6:00 PM; Tuesday: 9:00 AM – 6:00 PM; Wednesday: 9:00 AM – 6:00 PM; Thursday: 9:00 AM – 6:00 PM; Friday: 9:00 AM – 6:00 PM; Saturday: 9:00 AM – 6:00 PM; Sunday: Closed",
    "address": "PRIMECCENTRIC BUILDING,PLOT NO-24,BESIDE BUS BODY UNIT, Raidurgh, West Prasanth Nagar, Malakpet Extension, Miyapur, Hyde",
    "country": "India",
    "state": "Telangana",
    "city": "Hyderabad",
    "pincode": 500049,
    "phone": "080199 13328",
    "emailid": "your-email@your-domain.com",
    "website": "http://primeccentric.com/",
    "lat": 17.379056,
    "long": 78.514991,
    "maplink": "https://maps.google.com/?cid=11842833488268423672"
  },
  {
    "id": 16,
    "category": "Paint manufacturer",
    "businessname": "Deepak Paints",
    "rating": 0,
    "opening info": "",
    "address": "Plot no A/4, Road No 10B, IDA Kukatpally, ICRISAT Colony, Jubilee Hills, Hyderabad, Telangana 500072, India",
    "country": "India",
    "state": "Telangana",
    "city": "Hyderabad",
    "pincode": 500072,
    "phone": "098482 46809",
    "emailid": "your-email@your-domain.com",
    "website": "http://deepakpaints.in/",
    "lat": 17.4311607,
    "long": 78.4202322,
    "maplink": "https://maps.google.com/?cid=11128935970006388692"
  },
  {
    "id": 17,
    "category": "Psychiatrists",
    "businessname": "Dr Jyothirmayi MD - Psychiatrist & Psychotherapist",
    "rating": 0,
    "opening info": "Monday: 9:00 – 11:00 AM; Tuesday: 9:00 – 11:00 AM; Wednesday: 9:00 – 11:00 AM; Thursday: 9:00 – 11:00 AM; Friday: 9:00 – 11:00 AM; Saturday: 9:00 – 11:00 AM; Sunday: Closed",
    "address": "Care Hospitals, Old Mumbai Highway, Near Cyberabad Police Commissionerate, drjyothirmayi.com, Jayabheri Pine Valley, Gac",
    "country": "India",
    "state": "Telangana",
    "city": "Hyderabad",
    "pincode": 500032,
    "phone": "096766 45628",
    "emailid": "youremail@yahoo.com",
    "website": "http://www.drjyothirmayi.com/",
    "lat": 17.430559,
    "long": 78.372235,
    "maplink": "https://maps.google.com/?cid=14583965492165169565"
  },
  {
    "id": 18,
    "category": "Therapist Doctors",
    "businessname": "Dr K Jyothirmayi MD - Psychiatrist & Therapist",
    "rating": 0,
    "opening info": "Monday: 10:30 AM – 12:00 PM; Tuesday: 10:30 AM – 12:00 PM; Wednesday: 10:30 AM – 12:00 PM; Thursday: 10:30 AM – 12:00 PM; Friday: 10:30 AM – 12:00 PM; Saturday: 10:30 AM – 12:00 PM; Sunday: Closed",
    "address": "SLMedquest Diagnostics, Medquest Clinics Plot No. 7 & 8, Ground Floor, Lumbini Avenue, Near Ratnadeep Supermarket Next t",
    "country": "India",
    "state": "Telangana",
    "city": "Hyderabad",
    "pincode": 500032,
    "phone": "090002 22888",
    "emailid": "youremail@yahoo.com",
    "website": "http://www.drjyothirmayi.com/",
    "lat": 17.430095,
    "long": 78.374075,
    "maplink": "https://maps.google.com/?cid=9833278860863760757"
  },
  {
    "id": 19,
    "category": "Bottle manufacturer",
    "businessname": "MSR India Limited",
    "rating": 0,
    "opening info": "",
    "address": "Unit No. 301, 3rd Floor, MSR Towers, Next to Croma, Opposite to Reebok Showroom, Road Number 36, Venkatagiri, Jubilee Hi",
    "country": "India",
    "state": "Telangana",
    "city": "Hyderabad",
    "pincode": 500033,
    "phone": "040 2368 6600",
    "emailid": "your-email@website.com",
    "website": "http://www.msrindia.in/",
    "lat": 17.4373865,
    "long": 78.4000853,
    "maplink": "https://maps.google.com/?cid=7197760682081648650"
  },
  {
    "id": 20,
    "category": "Tractor dealer",
    "businessname": "Sri Jayarama Automotives Pvt Ltd",
    "rating": 0,
    "opening info": "Monday: 9:30 AM – 6:30 PM; Tuesday: 9:30 AM – 6:30 PM; Wednesday: 9:30 AM – 6:30 PM; Thursday: 9:30 AM – 6:30 PM; Friday: 9:30 AM – 6:30 PM; Saturday: 9:30 AM – 6:30 PM; Sunday: Closed",
    "address": "P Mohan Reddy Complex, Ruby Block, Kompally, Hyderabad, Telangana 500014, India",
    "country": "India",
    "state": "Telangana",
    "city": "Hyderabad",
    "pincode": 500014,
    "phone": "084980 95720",
    "emailid": "youremail@domain.com",
    "website": "http://www.srijayarama.com/",
    "lat": 17.534592,
    "long": 78.488936,
    "maplink": "https://maps.google.com/?cid=5556057297509794166"
  },
  {
    "id": 21,
    "category": "Property Management Services",
    "businessname": "Amps Facilities Management Services Private Limited",
    "rating": 0,
    "opening info": "Monday: 8:00 AM – 8:00 PM; Tuesday: 8:00 AM – 8:00 PM; Wednesday: 8:00 AM – 8:00 PM; Thursday: 8:00 AM – 8:00 PM; Friday: 8:00 AM – 8:00 PM; Saturday: 8:00 AM – 8:00 PM; Sunday: Closed",
    "address": "1-98/6/5/50, Arunodaya Colony Madhapur, Dist :, VIP Hills, Jaihind Enclave, Madhapur, Hyderabad, Telangana 500081, India",
    "country": "India",
    "state": "Telangana",
    "city": "Hyderabad",
    "pincode": 500081,
    "phone": "095915 51250",
    "emailid": "youremail@domain.com",
    "website": "http://www.ampsindia.in/",
    "lat": 17.4458628,
    "long": 78.3877757,
    "maplink": "https://maps.google.com/?cid=1711220887891533563"
  },
  {
    "id": 22,
    "category": "Digital Marketing training institutes",
    "businessname": "WebLogic, WebSphere, Unix, Digital Marketing Trainings Online - Vybhava Technologies",
    "rating": 0,
    "opening info": "Monday: 7:30 AM – 9:00 PM; Tuesday: 7:30 AM – 9:00 PM; Wednesday: 7:30 AM – 9:00 PM; Thursday: 7:30 AM – 9:00 PM; Friday: 7:30 AM – 9:00 PM; Saturday: 9:00 AM – 5:00 PM; Sunday: Closed",
    "address": "Pragathi Enclave Rd, Waida Colony, Pragathi Enclave, Miyapur, Hyderabad, Telangana 500049, India",
    "country": "India",
    "state": "Telangana",
    "city": "Hyderabad",
    "pincode": 500049,
    "phone": "096187 15457",
    "emailid": "your@email.com",
    "website": "http://www.vybhavatechnologies.com/",
    "lat": 17.50048,
    "long": 78.353466,
    "maplink": "https://maps.google.com/?cid=8560937912005097569"
  },
  {
    "id": 23,
    "category": "Adhesive Tape Suppliers",
    "businessname": "Bopp Tape -Micron Adhesives Pvt Ltd",
    "rating": 0,
    "opening info": "Monday: 12:00 AM – 11:59 PM; Tuesday: 12:00 AM – 11:59 PM; Wednesday: 12:00 AM – 11:59 PM; Thursday: 12:00 AM – 11:59 PM; Friday: 12:00 AM – 11:59 PM; Saturday: Closed; Sunday: Closed",
    "address": "Assisted Private industrial Estate, Industrial Development Area Rd, IDA, Balanagar, Hyderabad, Telangana 500018, India",
    "country": "India",
    "state": "Telangana",
    "city": "Hyderabad",
    "pincode": 500018,
    "phone": "098663 34455",
    "emailid": "your@email.com",
    "website": "http://www.micronadhesives.com/",
    "lat": 17.464957,
    "long": 78.441441,
    "maplink": "https://maps.google.com/?cid=15107491580720184238"
  },
  {
    "id": 24,
    "category": "ELECTRICAL",
    "businessname": "Amps and Watts in Hyderabad",
    "rating": 0,
    "opening info": "",
    "address": "Plot No. 6-1-132/99, Flat No. 202,Sai Krishna Enclave, Padmarao Nagar, Warasiguda, Padmarao Nagar, Hyderabad, Telangana",
    "country": "India",
    "state": "Telangana",
    "city": "Hyderabad",
    "pincode": 500025,
    "phone": "098490 62722",
    "emailid": "your@email.com",
    "website": "http://www.ampsandwatts.in/",
    "lat": 17.4216673,
    "long": 78.5192965,
    "maplink": "https://maps.google.com/?cid=8711444277318071674"
  },
  {
    "id": 25,
    "category": "Instrumental Music Classes",
    "businessname": "Naadapriya Music & Dance Institution",
    "rating": 0,
    "opening info": "",
    "address": "29, Kolan Narayana Reddy Colony Rd, Venkatraya Nagar, Nizampet, Hyderabad, Telangana 500090, India",
    "country": "India",
    "state": "Telangana",
    "city": "Hyderabad",
    "pincode": 500090,
    "phone": "040 4010 1112",
    "emailid": "your@email.com",
    "website": "http://naadapriya.com/",
    "lat": 17.5167158,
    "long": 78.3781072,
    "maplink": "https://maps.google.com/?cid=3098893515782107461"
  },
  {
    "id": 26,
    "category": "Educational Institute",
    "businessname": "Malla Reddy College of Teacher Education",
    "rating": 0,
    "opening info": "",
    "address": "Suraram X Roads, Quthubullapur (M), R.R.Dist., Adarsh Nagar, HAL Colony, Jeedimetla, Hyderabad, Telangana 500055, India",
    "country": "India",
    "state": "Telangana",
    "city": "Hyderabad",
    "pincode": 500055,
    "phone": "040 6999 1600",
    "emailid": "your@email.com",
    "website": "http://mrcte.org/",
    "lat": 17.5257635,
    "long": 78.4288132,
    "maplink": "https://maps.google.com/?cid=1141260391975954017"
  },
  {
    "id": 27,
    "category": "Air Filter Suppliers",
    "businessname": "Hyderabad Filters",
    "rating": 0,
    "opening info": "",
    "address": "3-5-47, Rajendra Nagar (M), Hyderguda R R Dist, Musheerabad, Musheerabad, Hyderabad, Telangana 500048, India",
    "country": "India",
    "state": "Telangana",
    "city": "Hyderabad",
    "pincode": 500048,
    "phone": "092465 72308",
    "emailid": "your@email.com",
    "website": "http://hyderabadfilters.com/",
    "lat": 17.4101926,
    "long": 78.5050491,
    "maplink": "https://maps.google.com/?cid=3083608054046092100"
  },
  {
    "id": 28,
    "category": "Tally Software",
    "businessname": "Friends Software Solutions",
    "rating": 0,
    "opening info": "Monday: 9:30 AM – 6:00 PM; Tuesday: 9:30 AM – 6:00 PM; Wednesday: 9:30 AM – 6:00 PM; Thursday: 9:30 AM – 6:00 PM; Friday: 9:30 AM – 6:00 PM; Saturday: 9:30 AM – 6:00 PM; Sunday: Closed",
    "address": "Level 4, Near indane gas agency, Annapurna Mansion, Punjagutta Officers Colony, Ameerpet, Hyderabad, Telangana 500082, I",
    "country": "India",
    "state": "Telangana",
    "city": "Hyderabad",
    "pincode": 500082,
    "phone": "040 6663 1116",
    "emailid": "your@company.com",
    "website": "http://www.friendssoftwaresolutions.com/",
    "lat": 17.4331652,
    "long": 78.4484466,
    "maplink": "https://maps.google.com/?cid=4443677149415068949"
  },
  {
    "id": 29,
    "category": "Embroidery Machine dealer",
    "businessname": "Embroidery Notion Hyderabad",
    "rating": 0,
    "opening info": "Monday: 9:00 AM – 10:00 PM; Tuesday: 9:00 AM – 10:00 PM; Wednesday: 9:00 AM – 10:00 PM; Thursday: 9:00 AM – 10:00 PM; Friday: 9:00 AM – 10:00 PM; Saturday: 9:00 AM – 10:00 PM; Sunday: 9:00 AM – 8:00 PM",
    "address": "Shop No.1, 6-2-665 Off Shadan College , Street, NO.7, Chintal Basti Main Rd, Khairtabad, Hyderabad, Telangana 500004, In",
    "country": "India",
    "state": "Telangana",
    "city": "Hyderabad",
    "pincode": 500004,
    "phone": "077995 11171",
    "emailid": "your.address@email.com",
    "website": "http://enotion.in/",
    "lat": 17.4093146,
    "long": 78.4593017,
    "maplink": "https://maps.google.com/?cid=3098623583963071901"
  },
  {
    "id": 30,
    "category": "Corporate Office",
    "businessname": "Idea Brand Corporate Office",
    "rating": 0,
    "opening info": "Monday: 10:00 AM – 6:00 PM; Tuesday: 10:00 AM – 6:00 PM; Wednesday: 10:00 AM – 6:00 PM; Thursday: 10:00 AM – 6:00 PM; Friday: 10:00 AM – 6:00 PM; Saturday: 10:00 AM – 6:00 PM; Sunday: Closed",
    "address": "Fateh Maidan, Abids, Hyderabad, Telangana 500001, India",
    "country": "India",
    "state": "Telangana",
    "city": "Hyderabad",
    "pincode": 500001,
    "phone": "098480 12345",
    "emailid": "you@your.address",
    "website": "http://www.ideacellular.com/",
    "lat": 17.3981744,
    "long": 78.4725603,
    "maplink": "https://maps.google.com/?cid=2550842717529781312"
  }
]
}
